{
  "main": {
    "id": "be678ef3f513b5c5",
    "type": "split",
    "children": [
      {
        "id": "ff14e29f6bf201d8",
        "type": "tabs",
        "children": [
          {
            "id": "517a0486c265e653",
            "type": "leaf",
            "state": {
              "type": "markdown",
              "state": {
                "file": "All Literature Notes Summary.md",
                "mode": "source",
                "source": false
              }
            }
          },
          {
            "id": "b8b1e5e9715ea3fb",
            "type": "leaf",
            "state": {
              "type": "markdown",
              "state": {
                "file": "All Literature Notes Summary.md",
                "mode": "source",
                "source": false
              }
            }
          },
          {
            "id": "90fd638b8dca1657",
            "type": "leaf",
            "state": {
              "type": "markdown",
              "state": {
                "file": "literature notes/@famularoMemoryInstitutionsMeet2023.md",
                "mode": "preview",
                "source": true
              }
            }
          }
        ],
        "currentTab": 2
      }
    ],
    "direction": "vertical"
  },
  "left": {
    "id": "5b89bb2c8c9697da",
    "type": "split",
    "children": [
      {
        "id": "5b8d2f62bd9a4b71",
        "type": "tabs",
        "children": [
          {
            "id": "375187b3cc91adfb",
            "type": "leaf",
            "state": {
              "type": "file-explorer",
              "state": {
                "sortOrder": "alphabetical"
              }
            }
          },
          {
            "id": "83456640f7f6af32",
            "type": "leaf",
            "state": {
              "type": "search",
              "state": {
                "query": "",
                "matchingCase": false,
                "explainSearch": false,
                "collapseAll": false,
                "extraContext": false,
                "sortOrder": "alphabetical"
              }
            }
          },
          {
            "id": "180b5cb8c047bb47",
            "type": "leaf",
            "state": {
              "type": "bookmarks",
              "state": {}
            }
          }
        ]
      }
    ],
    "direction": "horizontal",
    "width": 300
  },
  "right": {
    "id": "2db6b7b06277db22",
    "type": "split",
    "children": [
      {
        "id": "9fd2bb9afc428071",
        "type": "tabs",
        "children": [
          {
            "id": "83b2431063b15ee6",
            "type": "leaf",
            "state": {
              "type": "backlink",
              "state": {
                "file": "literature notes/@famularoMemoryInstitutionsMeet2023.md",
                "collapseAll": false,
                "extraContext": false,
                "sortOrder": "alphabetical",
                "showSearch": false,
                "searchQuery": "",
                "backlinkCollapsed": false,
                "unlinkedCollapsed": true
              }
            }
          },
          {
            "id": "97b0a6d345e3c726",
            "type": "leaf",
            "state": {
              "type": "outgoing-link",
              "state": {
                "file": "literature notes/@famularoMemoryInstitutionsMeet2023.md",
                "linksCollapsed": false,
                "unlinkedCollapsed": true
              }
            }
          },
          {
            "id": "7b99b1fd0f06cff7",
            "type": "leaf",
            "state": {
              "type": "tag",
              "state": {
                "sortOrder": "frequency",
                "useHierarchy": true
              }
            }
          },
          {
            "id": "7f9196cb7e0acb9a",
            "type": "leaf",
            "state": {
              "type": "outline",
              "state": {
                "file": "literature notes/@famularoMemoryInstitutionsMeet2023.md"
              }
            }
          },
          {
            "id": "2743709958e0dd44",
            "type": "leaf",
            "state": {
              "type": "ReferenceListView",
              "state": {}
            }
          },
          {
            "id": "2b7d25dd4c2efd3d",
            "type": "leaf",
            "state": {
              "type": "smart-connections-view",
              "state": {}
            }
          },
          {
            "id": "f31e988bbc87dd48",
            "type": "leaf",
            "state": {
              "type": "smart-connections-chat-view",
              "state": {}
            }
          }
        ],
        "currentTab": 4
      }
    ],
    "direction": "horizontal",
    "width": 466.5,
    "collapsed": true
  },
  "left-ribbon": {
    "hiddenItems": {
      "switcher:Open quick switcher": false,
      "graph:Open graph view": false,
      "canvas:Create new canvas": false,
      "daily-notes:Open today's daily note": false,
      "templates:Insert template": false,
      "command-palette:Open command palette": false
    }
  },
  "active": "90fd638b8dca1657",
  "lastOpenFiles": [
    "literature notes/@vicknairComparisonGraphDatabase2010a.md",
    "literature notes/@grahamExFiglinisComplex2002.md",
    "literature notes/@famularoMemoryInstitutionsMeet2023.md",
    "All Literature Notes Summary.md",
    "Lit Review for a particular project.md",
    "Welcome.md",
    "Plugins used by this vault.md",
    "a new idea.md",
    "grahamRollingYourOwn2014.md",
    "literature notes/@gormanCultureMoonBodies2016.md",
    "literature notes/@walshMethodSpaceArchaeology2021.md",
    "literature notes/@gormanCultureMoonBodies2016.txt",
    "~$elcome.docx",
    "Welcome.docx",
    "attachments/Screenshot 2024-06-27 at 2.30.07 PM.png",
    "literature notes/@labradorOntologiesFutureInterfaces2012.md",
    "literature notes/@grahamCountingBricksStacking2013.md",
    "create a link.md",
    "smart-chats/UNTITLED CHAT 2024-05-07 19 53 10.md",
    "smart-chats/UNTITLED CHAT 2024-05-07 15 50 13.md",
    "smart-chats/UNTITLED CHAT 2024-05-07 15 35 12.md",
    "drafts_and_ideas/thoughts on graph databases and gravity.md",
    "attachments/Screenshot 2024-06-27 at 2.30.55 PM.png",
    "attachments/Screenshot 2024-06-27 at 2.30.36 PM.png",
    "attachments/Screenshot 2024-06-27 at 2.30.23 PM.png",
    "literature notes/@gormanGravityArchaeology2009.md",
    "_templates/ZI_template.md",
    "_templates/new-template.md",
    "smart-chats",
    "drafts_and_ideas",
    "another_template.md",
    "_templates/different-template.md",
    "custom.css",
    "untitled folder",
    "attachments",
    "literature notes",
    "_templates"
  ]
}